[
  [
    "591670777779060759",
    {
      "totalTime": 10508222,
      "joinTime": null,
      "isInVoice": false,
      "username": "welcome012",
      "displayName": "ADAM",
      "avatarURL": "https://cdn.discordapp.com/avatars/591670777779060759/68da40a1c507cf74e2b1826ddec70677.webp?size=64"
    }
  ],
  [
    "476022481690427418",
    {
      "totalTime": 478680,
      "joinTime": null,
      "isInVoice": false,
      "username": "wow4234",
      "displayName": "WOW",
      "avatarURL": "https://cdn.discordapp.com/avatars/476022481690427418/3815ce23bd77c5b31203e7e4e6f6dbd4.webp?size=64"
    }
  ]
]